Ios,,,,,,,,,,,,,,,,,,,,,,,,,,,,,,,,,,,,,,,,,,,,,,,,,,,,,,,,,,,,,,
native,,,,,,,,,,,,,,,,,,,,,,,,,,,,,,,,,,,,,,,,,,,,,,,,,,,,,,,,,,,,,,
ready,add100,200,300,400,500,600,700,800,900,1000,deleteall,add1000,update1,updateall,delete1,add1000b,add100,200,300,400,500,600,700,800,900,1000,deleteall,add1000,update1,updateall,delete1,add1000,2000,3000,4000,5000,add5000b,add1000,2000,3000,4000,5000,toggleSelect,readys,count,size,,,,,,,,,,,,,,,,
56,86,66,71,79,82,76,83,94,92,96,38,301,95,88,83,45,86,73,72,78,77,82,80,94,91,98,45,305,94,86,87,335,361,425,490,615,116,356,348,422,516,553,3,84,14,803473,,,,,,,,,,,,,,,,
71,82,75,74,71,75,77,81,86,95,112,30,285,85,108,81,45,88,70,71,72,83,80,83,91,94,101,56,288,87,91,90,332,337,409,508,546,118,343,341,434,494,599,2,60,,,,,,,,,,,,,,,,,,
54,83,69,74,76,76,81,83,88,94,111,31,285,91,84,85,46,86,68,71,99,79,97,85,96,109,120,43,302,93,86,84,330,372,409,508,546,118,357,343,441,494,614,2,64,,,,,,,,,,,,,,,,,,
54,86,68,73,73,78,81,83,88,93,110,34,295,95,96,81,46,90,68,66,72,78,79,100,90,96,102,35,302,84,86,87,332,346,400,501,541,117,354,345,430,495,609,1,73,,,,,,,,,,,,,,,,,,
69,86,71,66,76,75,79,84,110,93,98,31,312,95,85,85,44,90,70,76,83,80,84,101,95,108,119,38,302,88,96,88,334,334,420,484,599,118,339,365,425,486,599,2,71,,,,,,,,,,,,,,,,,,
60.8,84.6,69.8,71.6,75,77.2,78.8,82.8,93.2,93.4,105.4,32.8,295.6,92.2,92.2,83,45.2,88,69.8,71.2,80.8,79.4,84.4,89.8,93.2,99.6,108,43.4,299.8,89.2,89,87.2,332.6,350,412.6,498.2,569.4,117.4,349.8,348.4,430.4,497,594.8,2,70.4,,,,,,,,,,,,,,,,,,
,,,,,,,,,,,,,,,,,,,,,,,,,,,,,,,,,,,,,,,,,,,,,,,,,,,,,,,,,,,,,,
mpx,,,,,,,,,,,,,,,,,,,,,,,,,,,,,,,,,,,,,,,,,,,,,,,,,,,,,,,,,,,,,,
ready,add100,200,300,400,500,600,700,800,900,1000,deleteall,add1000,update1,updateall,delete1,add1000b,add100,200,300,400,500,600,700,800,900,1000,deleteall,add1000,update1,updateall,delete1,add1000,2000,3000,4000,5000,add5000b,add1000,2000,3000,4000,5000,toggleSelect,readys,count,size,,,,,,,,,,,,,,,,
46,113,87,88,81,85,84,89,88,99,104,42,489,54,170,162,0,118,82,88,84,87,86,87,101,99,90,44,506,65,183,160,526,491,544,573,594,0,538,506,550,576,605,2,72,8,261026,,,,,,,,,,,,,,,,
45,109,90,83,81,76,84,81,83,84,98,43,487,53,165,168,0,111,82,82,96,88,86,94,89,93,107,56,487,50,167,166,539,497,554,573,606,0,537,500,612,584,611,4,78,,,,,,,,,,,,,,,,,,
62,108,81,78,90,80,81,85,98,88,89,41,490,55,168,162,0,115,91,83,92,101,85,97,85,94,92,47,486,51,165,167,533,500,543,546,605,0,540,498,551,566,598,1,62,,,,,,,,,,,,,,,,,,
57,112,90,81,83,82,72,92,99,89,103,39,489,49,174,173,0,109,90,82,80,90,87,94,84,86,88,40,486,49,157,167,533,495,547,550,619,0,540,496,550,566,585,2,61,,,,,,,,,,,,,,,,,,
53,110,88,81,80,80,77,86,85,86,88,44,493,52,170,163,0,110,86,88,82,84,92,84,85,90,90,42,489,49,163,170,530,497,555,578,585,0,539,509,550,576,577,2,60,,,,,,,,,,,,,,,,,,
52.6,110.4,87.2,82.2,83,80.6,79.6,86.6,90.6,89.2,96.4,41.8,489.6,52.6,169.4,165.6,0,112.6,86.2,84.6,86.8,90,87.2,91.2,88.8,92.4,93.4,45.8,490.8,52.8,167,166,532.2,496,548.6,564,601.8,0,538.8,501.8,562.6,573.6,595.2,2.2,66.6,,,,,,,,,,,,,,,,,,
,,,,,,,,,,,,,,,,,,,,,,,,,,,,,,,,,,,,,,,,,,,,,,,,,,,,,,,,,,,,,,
uniapp,,,,,,,,,,,,,,,,,,,,,,,,,,,,,,,,,,,,,,,,,,,,,,,,,,,,,,,,,,,,,,
ready,add100,200,300,400,500,600,700,800,900,1000,deleteall,add1000,update1,updateall,delete1,add1000b,add100,200,300,400,500,600,700,800,900,1000,deleteall,add1000,update1,updateall,delete1,add1000,2000,3000,4000,5000,add5000b,add1000,2000,3000,4000,5000,toggleSelect,readys,count,size,,,,,,,,,,,,,,,,
81,125,95,92,99,95,101,102,107,110,100,47,584,56,146,131,88,136,112,114,105,108,104,106,118,121,118,50,592,61,159,151,661,618,664,672,718,286,700,671,706,761,815,5,65,14,273965,,,,,,,,,,,,,,,,
53,122,98,106,101,105,99,116,105,103,117,47,584,60,147,130,89,134,114,108,110,116,108,129,113,117,117,53,577,66,161,159,652,588,663,670,714,283,714,675,691,754,817,2,72,,,,,,,,,,,,,,,,,,
52,120,103,95,89,94,93,98,98,116,102,36,583,50,139,131,88,134,123,111,102,110,112,115,110,110,122,61,597,62,155,155,646,587,642,673,710,291,710,668,720,763,807,3,72,,,,,,,,,,,,,,,,,,
48,120,97,94,104,94,99,101,102,99,103,38,582,53,151,128,92,139,106,106,110,109,106,105,123,122,116,62,584,62,167,153,660,579,656,693,726,285,730,662,716,751,800,2,73,,,,,,,,,,,,,,,,,,
48,119,107,93,98,101,106,103,100,119,116,50,589,55,141,136,90,134,107,114,105,105,106,117,116,124,114,63,599,62,161,154,657,595,650,670,726,280,721,658,713,749,812,2,66,,,,,,,,,,,,,,,,,,
56.4,121.2,100,96,98.2,97.8,99.6,104,102.4,109.4,107.6,43.6,584.4,54.8,144.8,131.2,89.4,135.4,112.4,110.6,106.4,109.6,107.2,114.4,116,118.8,117.4,57.8,589.8,62.6,160.6,154.4,655.2,593.4,655,675.6,718.8,285,715,666.8,709.2,755.6,810.2,2.8,69.6,,,,,,,,,,,,,,,,,,
,,,,,,,,,,,,,,,,,,,,,,,,,,,,,,,,,,,,,,,,,,,,,,,,,,,,,,,,,,,,,,
chameleon,,,,,,,,,,,,,,,,,,,,,,,,,,,,,,,,,,,,,,,,,,,,,,,,,,,,,,,,,,,,,,
ready,add100,200,300,400,500,600,700,800,900,1000,deleteall,add1000,update1,updateall,delete1,add1000b,add100,200,300,400,500,600,700,800,900,1000,deleteall,add1000,update1,updateall,delete1,add1000,2000,3000,4000,5000,add5000b,add1000,2000,3000,4000,5000,toggleSelect,readys,count,size,,,,,,,,,,,,,,,,
48,122,116,106,107,113,118,124,125,144,133,36,753,95,242,135,143,181,183,192,182,192,211,216,225,230,236,95,824,196,311,236,803,818,951,1075,1285,820,1512,1669,1946,2213,2567,2,71,2515,319017,,,,,,,,,,,,,,,,
45,115,122,126,132,127,122,138,126,133,142,46,767,91,232,154,140,174,174,180,175,196,204,209,223,237,240,93,850,183,324,224,810,847,948,1089,1293,825,1501,1661,1926,2226,2607,4,64,,,,,,,,,,,,,,,,,,
67,117,110,126,127,126,140,144,132,149,143,38,773,101,247,146,145,177,173,190,195,188,198,211,218,234,227,93,838,182,315,216,811,847,949,1088,1291,830,1510,1656,1957,2237,2591,1,60,,,,,,,,,,,,,,,,,,
63,114,116,116,117,124,123,135,142,163,161,38,771,96,236,155,140,181,183,188,186,198,200,208,209,238,231,94,830,180,322,214,803,840,950,1097,1295,822,1498,1673,1946,2262,2570,2,61,,,,,,,,,,,,,,,,,,
59,116,113,111,115,120,123,128,141,135,149,37,764,95,232,134,145,179,178,182,185,189,206,206,213,224,250,94,843,182,318,214,800,846,966,1084,1295,823,1525,1703,1984,2224,2596,1,69,,,,,,,,,,,,,,,,,,
56.4,116.8,115.4,117,119.6,122,125.2,133.8,133.2,144.8,145.6,39,765.6,95.6,237.8,144.8,142.6,178.4,178.2,186.4,184.6,192.6,203.8,210,217.6,232.6,236.8,93.8,837,184.6,318,220.8,805.4,839.6,952.8,1086.6,1291.8,824,1509.2,1672.4,1951.8,2232.4,2586.2,2,65,,,,,,,,,,,,,,,,,,
,,,,,,,,,,,,,,,,,,,,,,,,,,,,,,,,,,,,,,,,,,,,,,,,,,,,,,,,,,,,,,
wepy2,,,,,,,,,,,,,,,,,,,,,,,,,,,,,,,,,,,,,,,,,,,,,,,,,,,,,,,,,,,,,,
ready,add100,200,300,400,500,600,700,800,900,1000,deleteall,add1000,update1,updateall,delete1,add1000b,add100,200,300,400,500,600,700,800,900,1000,deleteall,add1000,update1,updateall,delete1,add1000,2000,3000,4000,5000,add5000b,add1000,2000,3000,4000,5000,toggleSelect,readys,count,size,,,,,,,,,,,,,,,,
82,122,181,211,252,295,350,406,449,502,554,42,711,46,545,525,162,121,171,201,244,289,337,397,432,492,544,58,688,53,540,522,910,1503,1992,2775,3314,577,1120,1513,2037,2848,3451,2,108,3514,1124247,,,,,,,,,,,,,,,,
59,126,160,199,251,284,357,389,446,496,553,61,733,47,568,508,163,121,182,222,252,301,344,380,445,467,535,40,655,44,535,521,946,1584,2010,2759,3423,612,1131,1701,2094,3126,4130,2,45,,,,,,,,,,,,,,,,,,
68,106,171,205,239,281,347,392,421,470,518,67,768,53,521,502,194,119,169,215,251,308,346,379,431,474,527,38,809,59,527,523,948,1612,2005,2931,3131,514,1263,2314,3027,3437,4551,3,131,,,,,,,,,,,,,,,,,,
48,116,173,209,243,295,340,381,421,480,521,55,736,46,512,532,180,124,173,215,247,292,353,377,438,474,534,38,827,48,529,527,1013,1445,2060,3022,3395,429,1107,2071,2699,3604,4086,4,70,,,,,,,,,,,,,,,,,,
63,122,158,199,247,288,345,378,434,532,549,59,684,54,529,587,174,120,172,215,256,300,348,382,428,477,538,42,833,46,534,519,1034,1513,2009,2966,3558,426,1019,1761,2495,3302,4161,2,79,,,,,,,,,,,,,,,,,,
64,118.4,168.6,204.6,246.4,288.6,347.8,389.2,434.2,496,539,56.8,726.4,49.2,535,530.8,174.6,121,173.4,213.6,250,298,345.6,383,434.8,476.8,535.6,43.2,762.4,50,533,522.4,970.2,1531.4,2015.2,2890.6,3364.2,511.6,1128,1872,2470.4,3263.4,4075.8,2.6,86.6,,,,,,,,,,,,,,,,,,
,,,,,,,,,,,,,,,,,,,,,,,,,,,,,,,,,,,,,,,,,,,,,,,,,,,,,,,,,,,,,,
mpvue,,,,,,,,,,,,,,,,,,,,,,,,,,,,,,,,,,,,,,,,,,,,,,,,,,,,,,,,,,,,,,
ready,add100,200,300,400,500,600,700,800,900,1000,deleteall,add1000,update1,updateall,delete1,add1000b,add100,200,300,400,500,600,700,800,900,1000,deleteall,add1000,update1,updateall,delete1,add1000,2000,3000,4000,5000,add5000b,add1000,2000,3000,4000,5000,toggleSelect,readys,count,size,,,,,,,,,,,,,,,,
106,112,139,157,178,217,260,320,357,404,465,104,740,459,465,484,126,138,152,164,196,231,253,306,335,379,427,121,705,418,426,437,,,,,,,,,,,,300,119,16,2127411,,,,,,,,,,,,,,,,
120,116,114,122,152,189,216,240,285,321,365,86,523,366,375,388,136,142,158,182,201,229,260,306,335,390,421,126,692,422,419,430,,,,,,,,,,,,266,121,,,,,,,,,,,,,,,,,,
131,116,118,138,172,189,232,275,318,366,400,100,688,401,408,422,135,136,146,164,195,242,269,298,352,384,426,121,692,421,418,429,,,,,,,,,,,,266,116,,,,,,,,,,,,,,,,,,
120,109,120,141,157,196,231,282,321,362,415,126,710,411,415,436,135,141,145,182,191,234,258,302,339,391,431,136,702,432,420,432,,,,,,,,,,,,300,102,,,,,,,,,,,,,,,,,,
112,111,115,142,186,203,232,277,311,354,396,102,686,385,411,438,138,138,154,175,187,221,254,305,341,379,442,120,690,424,412,425,,,,,,,,,,,,316,118,,,,,,,,,,,,,,,,,,
117.8,112.8,121.2,140,169,198.8,234.2,278.8,318.4,361.4,408.2,103.6,669.4,404.4,414.8,433.6,134,139,151,173.4,194,231.4,258.8,303.4,340.4,384.6,429.4,124.8,696.2,423.4,419,430.6,,,,,,,,,,,,289.6,115.2,,,,,,,,,,,,,,,,,,
,,,,,,,,,,,,,,,,,,,,,,,,,,,,,,,,,,,,,,,,,,,,,,,,,,,,,,,,,,,,,,
kbone,,,,,,,,,,,,,,,,,,,,,,,,,,,,,,,,,,,,,,,,,,,,,,,,,,,,,,,,,,,,,,
ready,add100,200,300,400,500,600,700,800,900,1000,deleteall,add1000,update1,updateall,delete1,add1000b,add100,200,300,400,500,600,700,800,900,1000,deleteall,add1000,update1,updateall,delete1,add1000,2000,3000,4000,5000,add5000b,add1000,2000,3000,4000,5000,toggleSelect,readys,count,size,,,,,,,,,,,,,,,,
98,572,777,1007,1211,1440,1699,1899,2141,2374,2628,120,4959,2303,2454,2341,0,547,748,978,1238,1443,1714,1931,2167,2358,2591,122,4980,2353,2450,2333,,,,,,,,,,,,2450,162,22,10572624,,,,,,,,,,,,,,,,
99,553,752,1004,1219,1477,1690,1964,2156,2399,2624,123,5008,2364,2485,2360,0,566,746,999,1225,1469,1701,1929,2132,2362,2617,124,4965,2321,2450,2374,,,,,,,,,,,,2439,156,,,,,,,,,,,,,,,,,,
107,556,774,988,1222,1474,1680,1944,2153,2391,2617,118,4983,2359,2450,2373,0,565,744,983,1222,1440,1705,1926,2149,2371,2633,120,4962,2323,2442,2340,,,,,,,,,,,,2403,121,,,,,,,,,,,,,,,,,,
98,552,744,979,1221,1475,1678,1949,2127,2383,2605,118,4983,2371,2245,2352,0,562,750,979,1234,1439,1712,1917,2172,2370,2624,123,4993,2336,2459,2360,,,,,,,,,,,,2428,145,,,,,,,,,,,,,,,,,,
91,549,765,980,1230,1478,1701,1910,2175,2398,2629,122,4957,2385,2463,2359,0,559,745,964,1215,1462,1695,1933,2154,2378,2620,118,4991,2323,2441,2333,,,,,,,,,,,,2484,137,,,,,,,,,,,,,,,,,,
98.6,556.4,762.4,991.6,1220.6,1468.8,1689.6,1933.2,2150.4,2389,2620.6,120.2,4978,2356.4,2419.4,2357,0,559.8,746.6,980.6,1226.8,1450.6,1705.4,1927.2,2154.8,2367.8,2617,121.4,4978.2,2331.2,2448.4,2348,,,,,,,,,,,,2440.8,144.2,,,,,,,,,,,,,,,,,,
,,,,,,,,,,,,,,,,,,,,,,,,,,,,,,,,,,,,,,,,,,,,,,,,,,,,,,,,,,,,,,
taro next,,,,,,,,,,,,,,,,,,,,,,,,,,,,,,,,,,,,,,,,,,,,,,,,,,,,,,,,,,,,,,
ready,add100,200,300,400,500,600,700,800,900,1000,deleteall,add1000,update1,updateall,delete1,add1000b,add100,200,300,400,500,600,700,800,900,1000,deleteall,add1000,update1,updateall,delete1,add1000,2000,3000,4000,5000,add5000b,add1000,2000,3000,4000,5000,toggleSelect,readys,count,size,,,,,,,,,,,,,,,,
66,472,606,763,888,1079,1212,1404,1509,1667,1843,127,3921,1605,1800,2279,0,474,617,751,937,1106,1242,1373,1523,1705,1856,122,3896,1588,1763,2280,,,,,,,,,,,,2081,104,9,2320994,,,,,,,,,,,,,,,,
100,458,608,772,886,1057,1229,1420,1543,1734,1844,126,3916,1598,1784,2301,0,469,621,762,897,1075,1247,1385,1593,1720,1863,129,3944,1571,1772,2295,,,,,,,,,,,,1985,165,,,,,,,,,,,,,,,,,,
107,470,624,765,889,1028,1245,1402,1545,1740,1925,135,3910,1625,1774,2331,0,472,608,775,910,1072,1195,1348,1549,1729,1900,133,4001,1580,1742,2286,,,,,,,,,,,,1953,118,,,,,,,,,,,,,,,,,,
70,468,589,783,913,1034,1214,1368,1523,1670,1865,109,3910,1587,1804,2259,0,497,671,728,932,1092,1245,1410,1567,1663,1892,128,3945,1583,1801,2297,,,,,,,,,,,,1917,101,,,,,,,,,,,,,,,,,,
105,482,596,715,936,1083,1240,1373,1561,1728,1859,136,3996,1624,1781,2421,0,501,614,759,872,1080,1237,1404,1611,1886,1908,137,3950,1730,1991,2293,,,,,,,,,,,,1939,111,,,,,,,,,,,,,,,,,,
89.6,470,604.6,759.6,902.4,1056.2,1228,1393.4,1536.2,1707.8,1867.2,126.6,3930.6,1607.8,1788.6,2318.2,0,482.6,626.2,755,909.6,1085,1233.2,1384,1568.6,1740.6,1883.8,129.8,3947.2,1610.4,1813.8,2290.2,,,,,,,,,,,,1975,119.8,,,,,,,,,,,,,,,,,,
,,,,,,,,,,,,,,,,,,,,,,,,,,,,,,,,,,,,,,,,,,,,,,,,,,,,,,,,,,,,,,
Android,,,,,,,,,,,,,,,,,,,,,,,,,,,,,,,,,,,,,,,,,,,,,,,,,,,,,,,,,,,,,,
native,,,,,,,,,,,,,,,,,,,,,,,,,,,,,,,,,,,,,,,,,,,,,,,,,,,,,,,,,,,,,,
ready,add100,200,300,400,500,600,700,800,900,1000,deleteall,add1000,update1,updateall,delete1,add1000b,add100,200,300,400,500,600,700,800,900,1000,deleteall,add1000,update1,updateall,delete1,add1000,2000,3000,4000,5000,add5000b,add1000,2000,3000,4000,5000,toggleSelect,readys,count,size,,,,,,,,,,,,,,,,
151,220,217,234,213,252,216,223,227,242,238,122,1034,217,200,176,67,210,192,210,178,205,219,204,235,225,219,143,1105,205,172,200,1175,1044,1125,1264,1373,137,1045,1015,1054,1159,1368,34,177,14,802594,,,,,,,,,,,,,,,,
135,248,221,245,205,232,201,243,263,236,277,153,1263,194,171,169,69,238,261,221,255,269,224,258,233,247,276,172,1399,195,201,206,1263,1361,1423,1639,1595,203,1369,1354,1415,1465,1769,32,217,,,,,,,,,,,,,,,,,,
135,218,195,182,179,198,274,294,232,227,259,158,1298,180,184,147,62,209,200,203,197,213,339,274,237,248,261,154,1179,179,178,160,1492,1287,1382,1550,1599,268,1526,1446,1541,1642,1782,29,172,,,,,,,,,,,,,,,,,,
149,222,184,181,173,248,219,224,230,239,260,149,1108,184,190,190,49,270,194,212,205,240,223,254,259,264,260,157,1236,201,188,216,1487,1284,1395,1486,1851,314,1430,1337,1500,1757,1814,27,228,,,,,,,,,,,,,,,,,,
163,240,192,178,183,216,219,309,257,256,272,156,1175,175,209,161,64,211,237,206,255,231,234,235,263,247,267,162,1336,217,211,161,1503,1595,1608,1640,1922,240,1647,1442,1441,1673,1732,28,174,,,,,,,,,,,,,,,,,,
146.6,229.6,201.8,204,190.6,229.2,225.8,258.6,241.8,240,261.2,147.6,1175.6,190,190.8,168.6,62.2,227.6,216.8,210.4,218,231.6,247.8,245,245.4,246.2,256.6,157.6,1251,199.4,190,188.6,1384,1314.2,1386.6,1515.8,1668,232.4,1403.4,1318.8,1390.2,1539.2,1693,30,193.6,,,,,,,,,,,,,,,,,,
,,,,,,,,,,,,,,,,,,,,,,,,,,,,,,,,,,,,,,,,,,,,,,,,,,,,,,,,,,,,,,
mpx,,,,,,,,,,,,,,,,,,,,,,,,,,,,,,,,,,,,,,,,,,,,,,,,,,,,,,,,,,,,,,
ready,add100,200,300,400,500,600,700,800,900,1000,deleteall,add1000,update1,updateall,delete1,add1000b,add100,200,300,400,500,600,700,800,900,1000,deleteall,add1000,update1,updateall,delete1,add1000,2000,3000,4000,5000,add5000b,add1000,2000,3000,4000,5000,toggleSelect,readys,count,size,,,,,,,,,,,,,,,,
159,236,214,226,204,231,224,213,185,199,185,173,1401,105,306,245,0,254,240,211,216,196,216,186,189,175,199,147,1419,76,250,185,1320,1238,1326,1166,1253,0,1252,1159,1260,1143,1195,34,215,8,261026,,,,,,,,,,,,,,,,
148,237,203,180,184,199,204,189,170,204,218,129,1287,88,208,250,0,209,171,163,149,175,179,176,201,188,174,131,1282,74,222,215,1389,1169,1179,1148,1191,0,1269,1215,1190,1133,1329,36,220,,,,,,,,,,,,,,,,,,
176,243,177,166,160,174,145,207,195,157,212,126,1274,83,236,258,0,211,179,157,167,155,150,178,189,182,177,129,1385,82,231,216,1353,1185,1252,1164,1240,0,1273,1121,1263,1198,1221,26,194,,,,,,,,,,,,,,,,,,
112,220,184,175,166,177,170,163,162,183,198,138,1305,86,245,193,0,215,180,159,137,179,169,177,175,159,155,138,1206,74,215,199,1272,1232,1176,1167,1188,0,1282,1457,1315,1466,1663,27,187,,,,,,,,,,,,,,,,,,
102,234,188,172,157,137,147,167,147,188,169,126,1236,71,200,222,0,218,175,157,171,157,146,161,177,171,174,131,1279,82,232,215,1501,1127,1146,1121,1189,0,1532,1594,1488,1472,1524,22,212,,,,,,,,,,,,,,,,,,
139.4,234,193.2,183.8,174.2,183.6,178,187.8,171.8,186.2,196.4,138.4,1300.6,86.6,239,233.6,0,221.4,189,169.4,168,172.4,172,175.6,186.2,175,175.8,135.2,1314.2,77.6,230,206,1367,1190.2,1215.8,1153.2,1212.2,0,1321.6,1309.2,1303.2,1282.4,1386.4,29,205.6,,,,,,,,,,,,,,,,,,
,,,,,,,,,,,,,,,,,,,,,,,,,,,,,,,,,,,,,,,,,,,,,,,,,,,,,,,,,,,,,,
uniapp,,,,,,,,,,,,,,,,,,,,,,,,,,,,,,,,,,,,,,,,,,,,,,,,,,,,,,,,,,,,,,
ready,add100,200,300,400,500,600,700,800,900,1000,deleteall,add1000,update1,updateall,delete1,add1000b,add100,200,300,400,500,600,700,800,900,1000,deleteall,add1000,update1,updateall,delete1,add1000,2000,3000,4000,5000,add5000b,add1000,2000,3000,4000,5000,toggleSelect,readys,count,size,,,,,,,,,,,,,,,,
127,338,324,289,287,250,271,270,254,272,277,137,1992,120,251,270,80,287,287,257,248,280,233,241,221,241,213,142,1798,84,230,282,1829,1527,1501,1606,1609,344,1766,1688,1609,1580,1947,28,237,14,273916,,,,,,,,,,,,,,,,
135,287,252,231,261,252,220,274,240,239,236,126,1659,74,246,230,101,267,252,231,217,211,219,222,200,222,242,145,1595,94,311,248,1583,1588,1447,1442,1503,354,2106,2014,1973,2047,1965,24,225,,,,,,,,,,,,,,,,,,
94,263,229,229,214,232,220,251,225,207,213,136,1650,90,237,220,99,271,250,217,209,187,215,222,193,220,347,147,1785,93,249,321,1634,1405,1483,1562,1524,779,2001,1918,1817,2128,1964,46,216,,,,,,,,,,,,,,,,,,
87,268,215,218,206,193,222,218,247,241,250,122,1609,89,233,228,138,277,237,247,317,278,251,225,216,257,251,142,1660,83,234,230,1694,1491,1463,1454,1486,347,2086,1907,1813,1935,2141,17,203,,,,,,,,,,,,,,,,,,
98,292,266,219,231,232,233,223,203,221,219,122,1710,79,231,255,98,273,249,232,202,233,242,238,227,249,211,138,1648,92,243,221,1888,1702,1980,1983,1934,390,2180,1856,1967,1827,2226,24,221,,,,,,,,,,,,,,,,,,
108.2,289.6,257.2,237.2,239.8,231.8,233.2,247.2,233.8,236,239,128.6,1724,90.4,239.6,240.6,103.2,275,255,236.8,238.6,237.8,232,229.6,211.4,237.8,252.8,142.8,1697.2,89.2,253.4,260.4,1725.6,1542.6,1574.8,1609.4,1611.2,442.8,2027.8,1876.6,1835.8,1903.4,2048.6,27.8,220.4,,,,,,,,,,,,,,,,,,
,,,,,,,,,,,,,,,,,,,,,,,,,,,,,,,,,,,,,,,,,,,,,,,,,,,,,,,,,,,,,,
chameleon,,,,,,,,,,,,,,,,,,,,,,,,,,,,,,,,,,,,,,,,,,,,,,,,,,,,,,,,,,,,,,
ready,add100,200,300,400,500,600,700,800,900,1000,deleteall,add1000,update1,updateall,delete1,add1000b,add100,200,300,400,500,600,700,800,900,1000,deleteall,add1000,update1,updateall,delete1,add1000,2000,3000,4000,5000,add5000b,add1000,2000,3000,4000,5000,toggleSelect,readys,count,size,,,,,,,,,,,,,,,,
176,381,407,315,307,328,273,291,278,302,323,136,2402,9740,325,234,146,311,268,263,265,253,260,271,299,291,276,144,2099,14527,301,221,2368,2358,4042,4131,4852,839,2892,3137,2865,5201,3303,23,217,2515,319059,,,,,,,,,,,,,,,,
133,278,260,272,283,260,271,261,252,289,263,119,2271,8752,328,237,136,310,309,285,260,290,258,278,284,299,329,151,2233,14346,318,227,2210,4365,2313,4316,2381,894,2832,4712,2849,5062,3640,36,158,,,,,,,,,,,,,,,,,,
126,305,241,242,250,234,240,230,234,277,253,133,2109,14665,284,182,109,285,277,242,263,300,279,255,295,304,284,137,2234,13800,284,228,2362,2215,3740,2420,7334,798,2897,4266,3258,2990,6189,38,195,,,,,,,,,,,,,,,,,,
135,273,275,251,253,232,260,267,248,250,252,146,2121,12649,276,182,115,315,269,262,272,263,274,283,275,264,268,137,2138,14045,347,239,2515,4619,2538,5777,2573,725,2982,2811,4810,3110,3629,20,200,,,,,,,,,,,,,,,,,,
125,270,257,240,262,226,260,254,242,257,249,135,2012,13072,280,198,119,277,263,279,266,270,261,322,266,294,294,163,2131,13181,349,243,2279,2133,5094,2343,7297,1430,2871,4252,4588,5981,6813,40,185,,,,,,,,,,,,,,,,,,
139,301.4,288,264,271,256,260.8,260.6,250.8,275,268,133.8,2183,11775.6,298.6,206.6,125,299.6,277.2,266.2,265.2,275.2,266.4,281.8,283.8,290.4,290.2,146.4,2167,13979.8,319.8,231.6,2346.8,3138,3545.4,3797.4,4887.4,937.2,2894.8,3835.6,3674,4468.8,4714.8,31.4,191,,,,,,,,,,,,,,,,,,
,,,,,,,,,,,,,,,,,,,,,,,,,,,,,,,,,,,,,,,,,,,,,,,,,,,,,,,,,,,,,,
wepy2,,,,,,,,,,,,,,,,,,,,,,,,,,,,,,,,,,,,,,,,,,,,,,,,,,,,,,,,,,,,,,
ready,add100,200,300,400,500,600,700,800,900,1000,deleteall,add1000,update1,updateall,delete1,add1000b,add100,200,300,400,500,600,700,800,900,1000,deleteall,add1000,update1,updateall,delete1,add1000,2000,3000,4000,5000,add5000b,add1000,2000,3000,4000,5000,toggleSelect,readys,count,size,,,,,,,,,,,,,,,,
225,419,669,808,1088,1350,1532,1768,1941,2182,2341,207,2766,111,2371,2180,149,354,559,667,908,1096,1363,1586,1752,1943,2194,156,2178,174,2141,2129,2315,4641,10520,9610,12030,557,2920,4979,7139,13436,29473,17,236,3514,1126209,,,,,,,,,,,,,,,,
185,404,509,735,948,1203,1398,1570,1820,2035,2319,215,2798,107,2299,2095,85,290,471,643,837,1049,1289,1483,1692,1952,2169,1620,2239,83,2170,2058,2606,4455,8489,19631,15900,555,2860,4786,7340,15146,28446,32,212,,,,,,,,,,,,,,,,,,
117,436,508,685,1021,1199,1347,1595,1801,2010,2275,172,2480,89,2457,2274,83,291,445,645,861,1056,1285,1481,1684,1925,2200,417,2235,2406,2175,2100,2603,5977,7897,15357,29764,578,2989,4807,7197,,,14,204,,,,,,,,,,,,,,,,,,
104,296,492,680,960,1202,1383,1648,1791,2105,2336,218,2744,85,2294,2154,205,307,472,687,898,1085,1319,1444,1698,1978,2269,164,2242,258,2107,2115,3259,5422,7295,17682,25954,543,2788,4954,7431,,,26,236,,,,,,,,,,,,,,,,,,
107,327,584,704,932,1197,1353,1580,1846,2015,2241,177,2381,69,2485,2219,90,273,457,622,823,1041,1268,1490,1789,1946,2171,1119,2709,93,2178,2152,2810,4574,6519,16519,28713,602,2715,4638,6528,,,31,246,,,,,,,,,,,,,,,,,,
147.6,376.4,552.4,722.4,989.8,1230.2,1402.6,1632.2,1839.8,2069.4,2302.4,197.8,2633.8,92.2,2381.2,2184.4,122.4,303,480.8,652.8,865.4,1065.4,1304.8,1496.8,1723,1948.8,2200.6,695.2,2320.6,602.8,2154.2,2110.8,2718.6,5013.8,8144,15759.8,22472.2,567,2854.4,4832.8,7127,14291,28959.5,24,226.8,,,,,,,,,,,,,,,,,,
,,,,,,,,,,,,,,,,,,,,,,,,,,,,,,,,,,,,,,,,,,,,,,,,,,,,,,,,,,,,,,
mpvue,,,,,,,,,,,,,,,,,,,,,,,,,,,,,,,,,,,,,,,,,,,,,,,,,,,,,,,,,,,,,,
ready,add100,200,300,400,500,600,700,800,900,1000,deleteall,add1000,update1,updateall,delete1,add1000b,add100,200,300,400,500,600,700,800,900,1000,deleteall,add1000,update1,updateall,delete1,add1000,2000,3000,4000,5000,add5000b,add1000,2000,3000,4000,5000,toggleSelect,readys,count,size,,,,,,,,,,,,,,,,
306,254,301,294,313,378,442,578,700,815,915,212,1798,885,892,903,219,324,336,379,382,420,466,598,692,845,964,249,1641,915,938,950,,,,,,,,,,,,950,396,16,2125883,,,,,,,,,,,,,,,,
201,264,276,312,324,381,431,570,666,785,904,203,1579,893,901,926,209,322,365,323,402,471,535,689,834,944,1176,266,1788,1071,1078,1114,,,,,,,,,,,,879,344,,,,,,,,,,,,,,,,,,
230,257,259,269,295,361,401,550,668,797,919,210,1669,941,915,949,222,336,318,344,379,439,524,669,798,932,1134,267,1638,918,947,921,,,,,,,,,,,,881,372,,,,,,,,,,,,,,,,,,
205,268,306,307,378,441,465,666,788,803,950,218,1629,908,908,938,222,330,356,337,362,443,512,664,798,937,1086,269,1774,1062,1041,1063,,,,,,,,,,,,861,424,,,,,,,,,,,,,,,,,,
207,260,291,282,384,403,470,639,770,887,942,205,1537,885,879,887,226,313,306,322,367,444,522,656,830,980,1096,278,1799,1044,1054,1077,,,,,,,,,,,,767,373,,,,,,,,,,,,,,,,,,
229.8,260.6,286.6,292.8,338.8,392.8,441.8,600.6,718.4,817.4,926,209.6,1642.4,902.4,899,920.6,219.6,325,336.2,341,378.4,443.4,511.8,655.2,790.4,927.6,1091.2,265.8,1728,1002,1011.6,1025,,,,,,,,,,,,867.6,381.8,,,,,,,,,,,,,,,,,,
,,,,,,,,,,,,,,,,,,,,,,,,,,,,,,,,,,,,,,,,,,,,,,,,,,,,,,,,,,,,,,
kbone,,,,,,,,,,,,,,,,,,,,,,,,,,,,,,,,,,,,,,,,,,,,,,,,,,,,,,,,,,,,,,
ready,add100,200,300,400,500,600,700,800,900,1000,deleteall,add1000,update1,updateall,delete1,add1000b,add100,200,300,400,500,600,700,800,900,1000,deleteall,add1000,update1,updateall,delete1,add1000,2000,3000,4000,5000,add5000b,add1000,2000,3000,4000,5000,toggleSelect,readys,count,size,,,,,,,,,,,,,,,,
466,1034,1370,1288,1441,1560,1670,1906,2176,2347,2531,246,5092,2069,2083,2204,0,776,779,919,1135,1270,1420,1554,1747,2356,2534,240,5736,2199,2369,2231,,,,,,,,,,,,2454,611,22,10572451,,,,,,,,,,,,,,,,
286,739,785,856,1074,1244,1696,1923,2170,2534,2391,261,6478,2259,2211,2256,0,802,894,1027,1290,1527,1666,1925,2126,2425,2526,255,5943,2448,2273,2347,,,,,,,,,,,,2278,592,,,,,,,,,,,,,,,,,,
221,810,921,979,1284,1403,1612,1841,2077,2415,2524,231,6137,2158,2324,2136,0,1065,1148,1214,1403,1468,1655,1854,2130,2437,2864,237,5634,2120,2276,2184,,,,,,,,,,,,2231,631,,,,,,,,,,,,,,,,,,
194,762,825,1024,1227,1463,1684,1894,2269,2469,2520,243,6105,2240,2327,2220,0,782,872,1000,1207,1468,1636,1836,2084,2288,2465,243,5714,2212,2340,2224,,,,,,,,,,,,2731,545,,,,,,,,,,,,,,,,,,
225,981,1074,1173,1356,1446,1730,1915,2095,2336,2523,302,5682,2211,2362,2188,0,969,1098,1179,1262,1546,1600,1978,2127,2340,2420,276,5662,2187,2284,2251,,,,,,,,,,,,2757,664,,,,,,,,,,,,,,,,,,
278.4,865.2,995,1064,1276.4,1423.2,1678.4,1895.8,2157.4,2420.2,2497.8,256.6,5898.8,2187.4,2261.4,2200.8,0,878.8,958.2,1067.8,1259.4,1455.8,1595.4,1829.4,2042.8,2369.2,2561.8,250.2,5737.8,2233.2,2308.4,2247.4,,,,,,,,,,,,2490.2,608.6,,,,,,,,,,,,,,,,,,
,,,,,,,,,,,,,,,,,,,,,,,,,,,,,,,,,,,,,,,,,,,,,,,,,,,,,,,,,,,,,,
taro next,,,,,,,,,,,,,,,,,,,,,,,,,,,,,,,,,,,,,,,,,,,,,,,,,,,,,,,,,,,,,,
ready,add100,200,300,400,500,600,700,800,900,1000,deleteall,add1000,update1,updateall,delete1,add1000b,add100,200,300,400,500,600,700,800,900,1000,deleteall,add1000,update1,updateall,delete1,add1000,2000,3000,4000,5000,add5000b,add1000,2000,3000,4000,5000,toggleSelect,readys,count,size,,,,,,,,,,,,,,,,
334,819,741,763,798,859,975,1041,1072,1184,1251,221,4654,927,1150,2083,0,865,753,814,796,867,914,1031,1128,1166,1250,234,4740,910,1065,2228,,,,,,,,,,,,1127,388,9,2320782,,,,,,,,,,,,,,,,
195,613,591,667,768,845,937,976,1089,1184,1295,191,4805,903,1035,2114,0,630,739,693,766,922,913,1013,1188,1156,1271,229,4786,901,1045,2134,,,,,,,,,,,,937,365,,,,,,,,,,,,,,,,,,
160,588,592,676,787,875,954,1016,1126,1233,1508,197,4783,910,1046,2094,0,608,745,699,795,822,1006,1036,1137,1185,1381,192,5117,879,1041,2128,,,,,,,,,,,,953,356,,,,,,,,,,,,,,,,,,
184,612,693,699,793,854,932,1035,1112,1343,1291,210,4709,928,1058,2037,0,664,734,696,780,852,945,1006,1117,1398,1269,213,4967,914,1095,2255,,,,,,,,,,,,951,443,,,,,,,,,,,,,,,,,,
169,648,650,892,784,851,967,1034,1142,1199,1308,202,5251,931,1081,2092,0,643,619,929,791,877,960,1041,1122,1195,1317,215,5187,923,1057,2164,,,,,,,,,,,,938,362,,,,,,,,,,,,,,,,,,
208.4,656,653.4,739.4,786,856.8,953,1020.4,1108.2,1228.6,1330.6,204.2,4840.4,919.8,1074,2084,0,682,718,766.2,785.6,868,947.6,1025.4,1138.4,1220,1297.6,216.6,4959.4,905.4,1060.6,2181.8,,,,,,,,,,,,981.2,382.8,,,,,,,,,,,,,,,,,,